EmployeeNumber,EmployeeName
1783,Asha Kulkarni
3918,Kavita Bansal
222,Priya Yadav
2136,Manish Saxena
5225,Sneha Sharma
1169,Rohan Patel
880,Swati Jain
157,Neha Patel
1658,Anjali Bansal
324,Nikhil Saxena
5303,Pooja Das
2612,Karan Sharma
812,Rahul Yadav
394,Priya Ghosh
3594,Amit Bansal
2639,Karan Kulkarni
2188,Swati Bansal
5352,Anjali Iyer
320,Manish Mehta
168,Rohan Joshi
747,Amit Malhotra
5471,Sanjay Nair
3708,Rohan Patel
2765,Deepak Jain
5113,Neha Malhotra
4007,Sanjay Patel
1872,Anjali Nair
5757,Kavita Yadav
3194,Ritu Malhotra
3755,Priya Gupta
5626,Sanjay Saxena
4895,Rahul Ghosh
4103,Deepak Kumar
1262,Deepak Yadav
2339,Anjali Malhotra
85,Meena Nair
3822,Ritu Kulkarni
2654,Nikhil Jain
5546,Arjun Bansal
2747,Arjun Sharma
2859,Manish Nair
997,Anjali Joshi
229,Manish Das
3265,Priya Ghosh
4829,Manish Kumar
3943,Deepak Kumar
5460,Kavita Sharma
3833,Sanjay Iyer
1653,Ritu Das
80,Manish Joshi
965,Asha Ghosh
927,Kavita Jain
795,Rohan Malhotra
3380,Anjali Reddy
3165,Sneha Ghosh
4658,Deepak Malhotra
3312,Sanjay Malhotra
3935,Rahul Mehta
1075,Anjali Malhotra
4841,Swati Jain
4184,Manish Ghosh
2025,Anjali Iyer
5678,Nikhil Malhotra
4635,Sanjay Kulkarni
1746,Rohan Reddy
3144,Sneha Ghosh
3264,Meena Reddy
3122,Sneha Nair
1452,Ritu Gupta
440,Ritu Das
3317,Anjali Chopra
4544,Nikhil Chopra
2982,Deepak Joshi
2081,Swati Saxena
4021,Rohan Nair
1455,Ritu Das
255,Meena Iyer
466,Karan Gupta
2118,Arjun Das
507,Meena Ghosh
4272,Nikhil Malhotra
4289,Pooja Gupta
4214,Arjun Verma
234,Rahul Ghosh
554,Asha Nair
5315,Pooja Joshi
545,Sneha Bansal
3701,Nikhil Yadav
3541,Sneha Nair
2789,Pooja Patel
2865,Karan Malhotra
2084,Sanjay Nair
5543,Arjun Bansal
309,Vikas Yadav
711,Manish Bansal
4104,Rahul Das
1581,Ritu Singh
1311,Asha Singh
626,Ritu Reddy
24,Anjali Nair
2532,Priya Malhotra
1871,Kavita Ghosh
5111,Deepak Iyer
3489,Kavita Chopra
1171,Ritu Singh
4746,Deepak Nair
2119,Rohan Reddy
3019,Rahul Ghosh
1195,Deepak Nair
2246,Manish Chopra
2874,Sneha Yadav
5640,Nikhil Yadav
2550,Arjun Jain
3155,Arjun Saxena
94,Meena Patel
2078,Rahul Reddy
470,Neha Gupta
788,Swati Nair
1700,Rahul Sharma
1838,Kavita Patel
3064,Vikas Sharma
1707,Ritu Ghosh
3968,Manish Reddy
3863,Pooja Chopra
3665,Pooja Mehta
5892,Manish Chopra
3205,Priya Iyer
605,Kavita Iyer
4943,Swati Malhotra
1551,Ritu Ghosh
4709,Vikas Reddy
4835,Amit Mehta
3186,Swati Chopra
4387,Asha Yadav
1587,Swati Mehta
3120,Priya Verma
3400,Ritu Sharma
402,Deepak Malhotra
32,Ritu Sharma
1484,Pooja Verma
2681,Rahul Gupta
600,Arjun Gupta
3150,Sneha Malhotra
5545,Rohan Chopra
1861,Rahul Das
566,Rahul Chopra
2214,Manish Joshi
1967,Priya Jain
866,Asha Kulkarni
4608,Kavita Mehta
2451,Sanjay Jain
5693,Amit Iyer
813,Ritu Reddy
1478,Anjali Sharma
4735,Meena Patel
2272,Rahul Bansal
1039,Rahul Sharma
4527,Rahul Gupta
81,Manish Kumar
1205,Kavita Sharma
3286,Sanjay Joshi
1546,Rahul Singh
178,Sneha Ghosh
2586,Asha Sharma
5993,Sanjay Bansal
4864,Swati Jain
1439,Amit Ghosh
297,Rahul Saxena
3616,Rahul Reddy
3648,Anjali Yadav
158,Rohan Das
1028,Kavita Yadav
411,Arjun Nair
3959,Sanjay Reddy
5938,Karan Patel
4957,Arjun Patel
4757,Ritu Saxena
5448,Neha Kumar
2182,Meena Ghosh
5809,Rohan Kumar
811,Amit Joshi
4916,Priya Yadav
4954,Asha Iyer
3734,Rohan Sharma
5164,Ritu Das
2978,Arjun Yadav
3796,Karan Saxena
2169,Vikas Kumar
3078,Meena Das
1695,Sneha Malhotra
1025,Vikas Jain
3947,Rahul Singh
2125,Karan Kulkarni
5295,Ritu Reddy
2705,Neha Gupta
1034,Kavita Das
5872,Rohan Singh
5365,Neha Iyer
4160,Nikhil Malhotra
1701,Neha Malhotra
2914,Arjun Jain
4879,Priya Das
3321,Nikhil Yadav
5027,Kavita Singh
2583,Ritu Iyer
5284,Sanjay Bansal
4251,Anjali Chopra
1187,Swati Gupta
3738,Arjun Singh
784,Meena Iyer
4403,Amit Gupta
51,Neha Iyer
713,Deepak Sharma
2307,Amit Reddy
3868,Amit Singh
2447,Ritu Verma
2241,Pooja Kulkarni
4604,Karan Saxena
4791,Priya Singh
3104,Anjali Malhotra
5567,Kavita Gupta
677,Pooja Singh
5557,Manish Malhotra
3640,Vikas Ghosh
2695,Karan Iyer
2996,Deepak Patel
1563,Priya Das
3650,Amit Singh
2466,Kavita Gupta
347,Asha Ghosh
1497,Meena Saxena
2345,Neha Joshi
3906,Meena Yadav
3659,Karan Kumar
623,Meena Yadav
4097,Deepak Sharma
1401,Asha Reddy
3298,Rohan Sharma
3986,Sanjay Nair
5182,Asha Saxena
4618,Nikhil Iyer
325,Arjun Mehta
2998,Amit Bansal
38,Amit Saxena
5375,Nikhil Iyer
4185,Swati Ghosh
531,Rohan Malhotra
2643,Rohan Singh
3681,Karan Reddy
2349,Nikhil Das
2785,Vikas Sharma
5493,Manish Yadav
2226,Asha Jain
1074,Ritu Kumar
1198,Karan Singh
5139,Swati Malhotra
264,Pooja Verma
1730,Swati Saxena
5329,Karan Yadav
908,Neha Saxena
1336,Priya Patel
1394,Anjali Chopra
961,Pooja Ghosh
240,Swati Das
200,Neha Saxena
2418,Pooja Nair
5470,Neha Mehta
4311,Nikhil Ghosh
4715,Ritu Sharma
5791,Deepak Iyer
326,Karan Reddy
2678,Meena Verma
5824,Swati Bansal
4419,Anjali Kumar
102,Pooja Mehta
1738,Amit Saxena
5262,Sneha Kulkarni
878,Rahul Malhotra
5893,Nikhil Iyer
409,Ritu Reddy
3746,Vikas Malhotra
1245,Rohan Das
2288,Ritu Malhotra
1355,Rohan Bansal
2858,Anjali Kulkarni
894,Meena Saxena
1182,Manish Kulkarni
4656,Sanjay Malhotra
5323,Rahul Kulkarni
3699,Nikhil Bansal
4467,Priya Patel
4326,Meena Singh
731,Pooja Singh
1033,Neha Das
3067,Nikhil Joshi
5659,Nikhil Ghosh
4897,Pooja Verma
978,Manish Chopra
4970,Vikas Mehta
2623,Meena Malhotra
1226,Ritu Joshi
1210,Pooja Chopra
5481,Pooja Chopra
587,Rohan Malhotra
5455,Karan Malhotra
2821,Neha Saxena
5756,Swati Gupta
2719,Sneha Mehta
5625,Meena Jain
1761,Meena Malhotra
3050,Deepak Yadav
1870,Swati Das
1545,Swati Malhotra
473,Amit Nair
5240,Rahul Kulkarni
1159,Neha Iyer
133,Sneha Singh
1537,Karan Joshi
2489,Neha Kulkarni
1633,Priya Malhotra
1322,Deepak Gupta
5428,Amit Patel
1189,Amit Verma
4379,Amit Patel
3972,Pooja Iyer
4817,Rohan Jain
682,Karan Singh
1778,Deepak Joshi
4406,Manish Chopra
4601,Pooja Kumar
4563,Arjun Ghosh
2903,Neha Bansal
5687,Ritu Malhotra
3552,Pooja Das
5643,Rahul Patel
1375,Rohan Ghosh
1946,Manish Reddy
169,Meena Nair
4072,Swati Joshi
4748,Manish Gupta
502,Neha Chopra
1804,Sneha Kulkarni
882,Anjali Jain
707,Amit Gupta
3367,Swati Saxena
2324,Sneha Verma
2894,Manish Bansal
3817,Ritu Kumar
2560,Sneha Jain
231,Rohan Bansal
5092,Pooja Chopra
1555,Amit Das
4240,Asha Chopra
5095,Kavita Bansal
4787,Manish Mehta
3602,Arjun Bansal
5218,Ritu Saxena
5076,Neha Ghosh
18,Pooja Gupta
5176,Deepak Verma
2869,Vikas Kumar
1655,Rohan Sharma
1130,Kavita Joshi
2330,Arjun Bansal
1091,Amit Kulkarni
5604,Anjali Kulkarni
4459,Neha Verma
1499,Karan Malhotra
3034,Meena Chopra
1882,Nikhil Verma
2663,Rohan Malhotra
5114,Ritu Mehta
3414,Pooja Reddy
697,Rohan Patel
4424,Karan Sharma
3485,Anjali Reddy
536,Rahul Saxena
2628,Amit Nair
3164,Rahul Bansal
3493,Vikas Reddy
3654,Meena Patel
2595,Vikas Kulkarni
5718,Pooja Nair
5511,Amit Ghosh
1048,Anjali Chopra
5685,Nikhil Joshi
5019,Karan Joshi
15,Kavita Gupta
3743,Ritu Nair
4308,Priya Nair
5874,Arjun Gupta
2348,Manish Bansal
5691,Rohan Joshi
1565,Manish Kulkarni
5620,Rahul Patel
1865,Rohan Gupta
3095,Vikas Das
66,Priya Verma
3404,Asha Saxena
5410,Nikhil Joshi
5855,Vikas Kumar
2411,Vikas Saxena
5770,Manish Kulkarni
2842,Arjun Reddy
2009,Karan Singh
1273,Anjali Kumar
4946,Deepak Das
1895,Amit Kulkarni
4318,Swati Das
1972,Kavita Sharma
4096,Deepak Chopra
89,Neha Reddy
3091,Rohan Sharma
4884,Deepak Patel
1500,Ritu Jain
2900,Sneha Yadav
1408,Meena Saxena
3460,Asha Kumar
3671,Pooja Yadav
4699,Priya Joshi
5778,Swati Ghosh
4504,Nikhil Malhotra
764,Karan Singh
1663,Priya Malhotra
421,Kavita Sharma
3015,Meena Mehta
2585,Rohan Verma
374,Priya Singh
5032,Anjali Chopra
4535,Rohan Nair
2374,Deepak Mehta
2768,Manish Ghosh
3362,Arjun Chopra
1833,Sanjay Jain
1621,Neha Chopra
3276,Karan Iyer
539,Amit Nair
3551,Deepak Iyer
756,Priya Saxena
3607,Arjun Yadav
535,Arjun Kumar
1449,Karan Mehta
916,Manish Kumar
3128,Karan Sharma
4940,Swati Nair
5418,Priya Gupta
182,Meena Reddy
1770,Nikhil Mehta
4610,Deepak Nair
2830,Amit Reddy
3314,Kavita Nair
5458,Vikas Mehta
1193,Anjali Iyer
4082,Neha Kumar
2128,Rohan Malhotra
5396,Swati Sharma
477,Pooja Kumar
4921,Kavita Sharma
1324,Anjali Saxena
260,Ritu Reddy
280,Swati Sharma
562,Karan Kulkarni
4285,Asha Das
199,Swati Kulkarni
3930,Vikas Verma
4378,Meena Joshi
2276,Rahul Singh
1741,Manish Bansal
1892,Asha Kulkarni
1860,Sanjay Gupta
4615,Priya Patel
5904,Asha Kulkarni
3027,Kavita Verma
1384,Rahul Joshi
2092,Manish Das
3077,Kavita Nair
4334,Pooja Nair
3199,Swati Gupta
1600,Swati Saxena
2575,Swati Nair
1727,Deepak Ghosh
3238,Sneha Kulkarni
5247,Anjali Gupta
5694,Arjun Malhotra
4667,Sanjay Bansal
4793,Swati Joshi
1224,Pooja Bansal
1298,Meena Nair
2776,Sneha Nair
16,Sneha Sharma
5426,Nikhil Yadav
352,Arjun Chopra
5405,Kavita Kulkarni
1363,Pooja Patel
2171,Manish Bansal
2032,Amit Mehta
3814,Swati Sharma
1023,Manish Gupta
372,Anjali Jain
2245,Rohan Jain
2314,Arjun Das
5861,Amit Patel
3797,Priya Singh
3800,Priya Nair
5805,Kavita Das
743,Pooja Singh
1269,Priya Sharma
2601,Manish Mehta
1618,Swati Nair
806,Karan Kulkarni
4797,Asha Verma
684,Asha Yadav
4984,Manish Singh
3560,Rohan Mehta
3853,Amit Singh
3806,Neha Jain
5564,Sanjay Chopra
4707,Nikhil Chopra
4370,Arjun Bansal
5013,Arjun Das
3857,Priya Iyer
3860,Asha Singh
9,Amit Singh
1863,Neha Iyer
2820,Anjali Saxena
1352,Deepak Singh
577,Deepak Verma
627,Amit Mehta
3619,Vikas Singh
5532,Priya Verma
427,Manish Kulkarni
34,Karan Sharma
1047,Nikhil Verma
45,Priya Sharma
3340,Kavita Singh
1045,Ritu Yadav
1102,Karan Nair
1050,Asha Ghosh
1884,Ritu Singh
4472,Ritu Jain
4634,Deepak Joshi
1744,Sneha Das
2578,Sanjay Reddy
64,Rahul Gupta
4354,Sanjay Joshi
3071,Karan Saxena
5330,Karan Verma
2618,Arjun Nair
1120,Arjun Kulkarni
2500,Asha Jain
3393,Rohan Bansal
706,Amit Malhotra
4987,Asha Verma
4963,Ritu Kumar
3269,Karan Saxena
4011,Meena Das
1613,Sneha Chopra
4223,Swati Ghosh
1974,Swati Verma
4816,Ritu Iyer
5560,Amit Singh
3933,Neha Bansal
1316,Sneha Patel
5688,Anjali Jain
5695,Amit Yadav
2799,Sanjay Mehta
5783,Sanjay Nair
3837,Ritu Chopra
4763,Priya Patel
748,Meena Kumar
4242,Ritu Joshi
474,Vikas Jain
3444,Meena Reddy
5674,Vikas Iyer
298,Neha Jain
304,Ritu Bansal
2477,Rahul Singh
2378,Karan Joshi
3535,Kavita Sharma
3310,Ritu Reddy
3870,Swati Chopra
4129,Nikhil Ghosh
3617,Vikas Iyer
2686,Manish Malhotra
241,Vikas Saxena
5738,Ritu Bansal
2293,Arjun Kulkarni
1672,Asha Singh
2100,Sanjay Chopra
5061,Karan Saxena
1176,Priya Reddy
3934,Neha Mehta
4384,Meena Sharma
3083,Pooja Joshi
2863,Vikas Singh
5592,Rohan Mehta
5711,Manish Saxena
5177,Sneha Mehta
1648,Anjali Jain
3415,Arjun Kumar
334,Karan Malhotra
2603,Nikhil Singh
5868,Meena Ghosh
2158,Sanjay Iyer
1162,Neha Iyer
3575,Swati Kumar
4477,Ritu Verma
4582,Deepak Joshi
4951,Amit Mehta
3003,Sneha Das
248,Manish Saxena
4877,Vikas Ghosh
3530,Arjun Joshi
801,Arjun Singh
1685,Manish Iyer
4682,Amit Reddy
4197,Manish Saxena
1922,Rahul Sharma
2210,Sanjay Sharma
1222,Sanjay Jain
4004,Amit Malhotra
1514,Ritu Chopra
4352,Rohan Mehta
1254,Amit Malhotra
5331,Rohan Bansal
5170,Vikas Verma
599,Rahul Sharma
1610,Nikhil Joshi
316,Ritu Verma
5243,Pooja Malhotra
2277,Karan Kumar
150,Swati Ghosh
4734,Anjali Iyer
1845,Ritu Sharma
291,Rohan Chopra
454,Ritu Joshi
5962,Priya Bansal
4809,Anjali Nair
3397,Ritu Gupta
692,Meena Kulkarni
1145,Ritu Yadav
1635,Sneha Jain
4193,Karan Yadav
1781,Sanjay Yadav
4971,Asha Kulkarni
3652,Swati Chopra
656,Asha Patel
3136,Pooja Chopra
1903,Sneha Malhotra
4428,Arjun Yadav
1040,Asha Das
4630,Swati Joshi
1412,Anjali Saxena
5748,Manish Verma
1673,Vikas Das
5096,Nikhil Gupta
1371,Nikhil Iyer
5083,Deepak Singh
3134,Ritu Bansal
2381,Vikas Sharma
3721,Rahul Verma
4092,Amit Nair
5007,Sanjay Reddy
1624,Arjun Gupta
3670,Karan Bansal
382,Asha Chopra
3115,Swati Saxena
1821,Ritu Reddy
3631,Manish Kumar
423,Swati Kulkarni
809,Karan Bansal
1380,Vikas Verma
1670,Sneha Bansal
2099,Pooja Ghosh
5526,Amit Kumar
125,Priya Iyer
103,Ritu Yadav
4059,Rohan Sharma
1733,Swati Verma
3036,Kavita Singh
2916,Sanjay Joshi
487,Rohan Malhotra
1129,Ritu Saxena
3618,Neha Jain
1515,Pooja Gupta
136,Priya Sharma
2599,Nikhil Malhotra
2003,Rohan Patel
2834,Neha Malhotra
1818,Sneha Das
753,Sneha Gupta
4002,Vikas Yadav
5028,Kavita Joshi
1104,Swati Bansal
5371,Meena Jain
2317,Rahul Singh
1919,Meena Bansal
1544,Asha Das
3668,Ritu Singh
4442,Nikhil Das
3707,Meena Joshi
1177,Kavita Yadav
1560,Amit Joshi
5664,Kavita Das
145,Asha Malhotra
381,Rahul Verma
1434,Rohan Kulkarni
1096,Vikas Saxena
5414,Nikhil Das
122,Kavita Chopra
5566,Anjali Saxena
612,Amit Saxena
4825,Priya Verma
1942,Deepak Reddy
419,Priya Joshi
2253,Swati Verma
1351,Nikhil Gupta
2304,Deepak Nair
5434,Sanjay Jain
4259,Vikas Iyer
1979,Rahul Bansal
4480,Anjali Kumar
1303,Amit Mehta
3056,Ritu Yadav
249,Amit Singh
1398,Nikhil Kumar
4029,Arjun Saxena
448,Amit Kulkarni
1426,Arjun Malhotra
4687,Manish Joshi
1200,Arjun Singh
1422,Swati Verma
4558,Vikas Nair
3765,Kavita Kulkarni
3917,Rohan Sharma
4474,Ritu Gupta
4665,Nikhil Sharma
4728,Sneha Mehta
4114,Ritu Yadav
3510,Arjun Kumar
2886,Deepak Joshi
1536,Anjali Patel
415,Manish Saxena
4586,Meena Bansal
1721,Amit Ghosh
655,Amit Singh
3561,Meena Gupta
1003,Deepak Reddy
4455,Swati Saxena
3373,Manish Das
3974,Rohan Kumar
5913,Amit Das
1488,Swati Das
590,Ritu Yadav
2087,Kavita Mehta
3609,Pooja Bansal
4517,Asha Mehta
1601,Priya Nair
5290,Anjali Yadav
2837,Meena Saxena
2358,Manish Joshi
995,Rahul Kumar
2198,Nikhil Patel
1880,Priya Chopra
4565,Sanjay Nair
1372,Sneha Nair
1874,Priya Kulkarni
209,Arjun Jain
4813,Deepak Joshi
4241,Pooja Reddy
426,Vikas Das
5787,Sanjay Das
1407,Neha Kulkarni
5649,Asha Malhotra
1109,Neha Das
5273,Karan Sharma
111,Vikas Yadav
3075,Meena Sharma
5826,Arjun Chopra
2264,Manish Patel
2549,Sneha Iyer
2035,Rohan Kulkarni
1173,Sanjay Nair
3769,Rahul Ghosh
2446,Sanjay Patel
3183,Pooja Patel
2946,Deepak Nair
4592,Manish Iyer
4590,Kavita Ghosh
3612,Vikas Ghosh
3938,Kavita Yadav
2147,Rohan Joshi
5752,Nikhil Ghosh
1469,Sneha Ghosh
438,Arjun Iyer
5788,Ritu Chopra
1058,Pooja Mehta
2796,Vikas Yadav
108,Asha Saxena
3553,Ritu Gupta
30,Anjali Yadav
2233,Kavita Yadav
890,Rahul Das
3066,Sneha Ghosh
1631,Pooja Kulkarni
752,Deepak Patel
2359,Sanjay Singh
585,Asha Malhotra
1935,Ritu Bansal
4983,Rahul Gupta
2351,Swati Kulkarni
5606,Priya Das
5215,Sanjay Saxena
3847,Nikhil Verma
5119,Arjun Gupta
5949,Rahul Iyer
2318,Karan Chopra
1345,Ritu Joshi
3442,Arjun Kumar
4636,Deepak Mehta
5871,Rohan Patel
970,Deepak Malhotra
180,Neha Joshi
2795,Deepak Singh
1508,Deepak Gupta
4047,Vikas Kulkarni
2139,Karan Chopra
5829,Neha Bansal
3488,Kavita Kulkarni
4537,Sneha Mehta
5287,Pooja Das
5496,Arjun Bansal
1868,Nikhil Yadav
91,Sanjay Gupta
2816,Deepak Iyer
3410,Asha Sharma
2406,Manish Malhotra
2472,Ritu Sharma
625,Rahul Kumar
70,Meena Singh
3625,Manish Bansal
1506,Anjali Bansal
3492,Sneha Chopra
5138,Rahul Joshi
4670,Karan Yadav
765,Pooja Mehta
294,Neha Gupta
4353,Sneha Sharma
446,Anjali Joshi
469,Rahul Gupta
3436,Pooja Saxena
1220,Rohan Gupta
433,Kavita Sharma
3188,Nikhil Kumar
1489,Rohan Malhotra
3548,Asha Verma
3752,Deepak Sharma
578,Asha Ghosh
2174,Ritu Joshi
246,Kavita Yadav
4191,Pooja Kumar
368,Nikhil Verma
4569,Pooja Patel
2901,Amit Kumar
1612,Vikas Joshi
2846,Swati Iyer
3785,Anjali Singh
4210,Rohan Mehta
5501,Amit Patel
1243,Sanjay Kumar
2371,Rohan Mehta
4270,Sneha Jain
4473,Neha Malhotra
4386,Sanjay Patel
556,Amit Chopra
2164,Arjun Saxena
5969,Manish Malhotra
5960,Anjali Mehta
4743,Deepak Das
5852,Asha Sharma
4276,Anjali Saxena
1964,Amit Joshi
4265,Deepak Chopra
3290,Nikhil Ghosh
5585,Nikhil Sharma
152,Arjun Iyer
4675,Rahul Bansal
4733,Anjali Sharma
4759,Anjali Das
5271,Asha Kumar
4215,Deepak Bansal
3495,Anjali Ghosh
5831,Ritu Joshi
3693,Karan Verma
4621,Nikhil Malhotra
3608,Vikas Jain
1756,Neha Iyer
5274,Pooja Kulkarni
4560,Arjun Patel
749,Priya Joshi
5781,Sanjay Bansal
1534,Arjun Ghosh
1043,Rahul Bansal
5492,Meena Das
3880,Neha Verma
2664,Rohan Sharma
5107,Kavita Iyer
1558,Asha Yadav
492,Sneha Kumar
4374,Arjun Malhotra
3383,Pooja Bansal
5528,Anjali Kulkarni
472,Asha Patel
5304,Sanjay Iyer
2313,Neha Iyer
5598,Deepak Yadav
808,Arjun Bansal
5671,Karan Mehta
4880,Sneha Verma
897,Rohan Yadav
5372,Kavita Chopra
2504,Priya Das
5684,Anjali Nair
4323,Anjali Yadav
355,Rahul Bansal
252,Priya Ghosh
186,Deepak Verma
2379,Vikas Mehta
1184,Asha Reddy
2111,Karan Kumar
4275,Amit Mehta
228,Meena Kumar
2154,Arjun Kumar
5768,Rahul Nair
1296,Anjali Das
5932,Ritu Verma
4852,Manish Malhotra
3939,Asha Sharma
5461,Deepak Chopra
2803,Sneha Yadav
3185,Sneha Bansal
1906,Ritu Chopra
5037,Pooja Ghosh
2224,Karan Reddy
3839,Rahul Sharma
3182,Anjali Kumar
293,Amit Joshi
2722,Kavita Kulkarni
550,Swati Bansal
4255,Kavita Saxena
5530,Meena Singh
1570,Anjali Jain
1076,Amit Iyer
4441,Ritu Sharma
2448,Anjali Jain
1323,Vikas Sharma
5060,Pooja Malhotra
2969,Anjali Patel
3210,Rahul Sharma
2671,Rahul Verma
2421,Nikhil Sharma
3735,Priya Singh
5110,Rahul Bansal
3054,Rahul Patel
2835,Nikhil Joshi
3718,Swati Joshi
3338,Sneha Sharma
3197,Vikas Bansal
4867,Manish Jain
3741,Manish Singh
4887,Karan Singh
5801,Neha Singh
1143,Deepak Malhotra
4644,Nikhil Joshi
933,Kavita Nair
614,Neha Patel
2228,Priya Chopra
4739,Anjali Reddy
3241,Rohan Ghosh
3470,Meena Nair
5051,Meena Yadav
4692,Manish Jain
3816,Rahul Saxena
4102,Ritu Saxena
5408,Priya Iyer
506,Neha Joshi
1510,Anjali Patel
1667,Meena Bansal
273,Vikas Kumar
2116,Manish Yadav
5165,Ritu Gupta
4506,Meena Malhotra
1486,Ritu Iyer
4302,Neha Mehta
702,Asha Chopra
3834,Vikas Joshi
3590,Arjun Kumar
107,Neha Chopra
5048,Sanjay Patel
5001,Neha Jain
5318,Anjali Ghosh
4768,Arjun Malhotra
5242,Arjun Kumar
3850,Anjali Sharma
953,Asha Sharma
2365,Amit Singh
3896,Neha Yadav
3840,Sneha Patel
2651,Priya Das
3227,Rahul Ghosh
4931,Deepak Sharma
2911,Kavita Kulkarni
1085,Rahul Mehta
3540,Pooja Sharma
3545,Anjali Mehta
4642,Sneha Ghosh
1421,Vikas Nair
2771,Rahul Malhotra
1787,Amit Nair
4481,Arjun Joshi
1889,Vikas Yadav
5662,Meena Jain
5650,Neha Gupta
417,Meena Singh
1216,Swati Singh
4839,Pooja Mehta
5747,Anjali Bansal
565,Manish Singh
479,Meena Gupta
5838,Arjun Kulkarni
143,Pooja Saxena
1213,Nikhil Sharma
5298,Karan Yadav
1098,Deepak Saxena
2143,Nikhil Saxena
606,Sneha Nair
3787,Karan Jain
2576,Rohan Bansal
498,Ritu Chopra
2543,Swati Reddy
4482,Sneha Malhotra
5222,Sneha Das
2464,Rohan Bansal
722,Anjali Chopra
1087,Sneha Verma
1026,Sanjay Kumar
1358,Arjun Yadav
3257,Neha Singh
2813,Nikhil Gupta
3399,Deepak Verma
4812,Nikhil Iyer
4833,Nikhil Yadav
2893,Rohan Saxena
3408,Meena Reddy
2958,Arjun Sharma
4752,Karan Iyer
337,Arjun Chopra
5258,Pooja Kumar
1965,Priya Bansal
3558,Anjali Kulkarni
1562,Amit Sharma
1739,Sanjay Kumar
4363,Kavita Bansal
2440,Kavita Singh
2019,Rahul Bansal
3097,Neha Reddy
725,Ritu Das
766,Rahul Jain
287,Ritu Ghosh
308,Manish Saxena
5211,Manish Saxena
4669,Sanjay Joshi
5436,Manish Das
1731,Ritu Reddy
4410,Vikas Yadav
5086,Vikas Ghosh
1472,Swati Ghosh
72,Manish Iyer
1567,Rohan Iyer
712,Swati Malhotra
3711,Rahul Reddy
1021,Nikhil Chopra
1346,Anjali Nair
4999,Anjali Nair
3159,Karan Bansal
738,Amit Yadav
5401,Sneha Iyer
2433,Pooja Ghosh
5804,Karan Verma
5571,Priya Verma
1236,Priya Verma
2260,Meena Kumar
5480,Priya Reddy
4380,Manish Iyer
3951,Ritu Iyer
5489,Priya Kulkarni
979,Arjun Yadav
4624,Priya Ghosh
5109,Anjali Das
2023,Rohan Gupta
3521,Nikhil Kulkarni
5282,Pooja Singh
345,Neha Nair
5000,Deepak Joshi
912,Kavita Nair
2437,Neha Joshi
48,Karan Malhotra
4081,Kavita Chopra
5196,Amit Singh
444,Nikhil Mehta
3593,Sanjay Singh
3131,Sneha Das
2487,Amit Bansal
5709,Sneha Sharma
1894,Ritu Reddy
3018,Karan Joshi
1221,Meena Reddy
3831,Swati Chopra
2269,Sneha Iyer
1056,Rahul Malhotra
849,Meena Iyer
3893,Sneha Gupta
5847,Rahul Bansal
3878,Amit Verma
2743,Amit Chopra
5607,Sneha Nair
4281,Neha Jain
1329,Priya Patel
2875,Karan Kulkarni
4631,Swati Kulkarni
777,Rahul Yadav
5677,Deepak Singh
184,Vikas Singh
3130,Priya Saxena
4099,Neha Kumar
1194,Deepak Gupta
3649,Rahul Patel
735,Vikas Das
1836,Sanjay Das
2273,Amit Das
3794,Vikas Kumar
486,Swati Jain
1164,Asha Malhotra
453,Swati Gupta
2299,Meena Saxena
4595,Arjun Iyer
31,Kavita Patel
790,Sanjay Saxena
5099,Karan Iyer
1966,Nikhil Saxena
1110,Sneha Iyer
101,Anjali Mehta
3971,Anjali Jain
3013,Karan Patel
3168,Asha Sharma
4725,Sneha Chopra
1771,Sneha Iyer
1920,Vikas Chopra
3756,Arjun Mehta
4542,Pooja Gupta
862,Sanjay Joshi
1502,Pooja Sharma
904,Amit Yadav
5056,Amit Sharma
110,Neha Nair
5369,Anjali Patel
5873,Manish Joshi
5035,Vikas Iyer
4398,Amit Ghosh
1927,Sanjay Malhotra
2134,Swati Malhotra
3526,Swati Yadav
5862,Priya Gupta
4651,Neha Saxena
3672,Sanjay Verma
4394,Manish Das
3046,Ritu Das
5547,Swati Mehta
5161,Arjun Mehta
5639,Priya Kumar
3887,Sneha Ghosh
1095,Priya Jain
1122,Rahul Chopra
2517,Rohan Kumar
2211,Sneha Jain
810,Swati Saxena
4253,Neha Kumar
3275,Kavita Sharma
5908,Vikas Kumar
4344,Amit Sharma
5846,Vikas Saxena
5504,Amit Joshi
5654,Asha Singh
3945,Karan Reddy
5040,Rohan Nair
2544,Asha Reddy
1774,Rohan Malhotra
2847,Pooja Saxena
5800,Swati Singh
1766,Sneha Kumar
3898,Sneha Patel
5629,Karan Saxena
1757,Ritu Sharma
2347,Priya Joshi
2997,Arjun Mehta
1596,Rohan Verma
5967,Sanjay Sharma
3253,Rohan Iyer
830,Kavita Jain
5865,Pooja Joshi
1859,Anjali Ghosh
439,Sneha Kulkarni
628,Sneha Joshi
5979,Pooja Joshi
2880,Rahul Ghosh
926,Karan Iyer
4122,Neha Sharma
4875,Asha Verma
5737,Arjun Yadav
2866,Sanjay Malhotra
5952,Swati Das
1174,Nikhil Singh
3361,Arjun Bansal
3198,Rahul Verma
945,Amit Chopra
4770,Kavita Nair
2289,Sanjay Saxena
13,Vikas Sharma
1118,Amit Ghosh
4366,Rahul Yadav
3656,Manish Jain
5696,Karan Iyer
643,Kavita Kulkarni
2590,Sanjay Gupta
4708,Pooja Mehta
2679,Anjali Bansal
4293,Rohan Yadav
5080,Vikas Mehta
5488,Arjun Yadav
2923,Amit Mehta
2536,Ritu Gupta
4766,Neha Joshi
2265,Ritu Kumar
654,Amit Nair
430,Priya Verma
3751,Asha Nair
3316,Neha Singh
2518,Neha Saxena
4012,Sneha Das
3163,Sneha Gupta
3606,Priya Kumar
839,Manish Mehta
1088,Rohan Iyer
1729,Kavita Gupta
5808,Asha Chopra
1320,Anjali Yadav
1331,Rohan Chopra
4155,Swati Das
857,Rohan Nair
1420,Priya Verma
2516,Deepak Jain
2300,Rohan Jain
3537,Sanjay Ghosh
1609,Amit Nair
5199,Meena Nair
694,Asha Sharma
4141,Manish Reddy
2667,Manish Verma
189,Sneha Sharma
288,Vikas Mehta
3411,Neha Das
5537,Asha Mehta
4206,Vikas Patel
3967,Deepak Reddy
3772,Asha Malhotra
3216,Anjali Patel
2334,Asha Jain
5982,Sanjay Malhotra
4095,Priya Kumar
2145,Deepak Malhotra
2981,Manish Malhotra
211,Asha Sharma
5608,Priya Joshi
4997,Rohan Chopra
3107,Asha Saxena
74,Meena Gupta
5766,Asha Patel
2829,Kavita Joshi
4783,Asha Reddy
5945,Neha Kumar
4247,Amit Nair
2822,Anjali Sharma
3306,Vikas Patel
5595,Kavita Iyer
2146,Ritu Singh
1232,Rohan Bansal
5353,Ritu Nair
3341,Vikas Verma
5867,Neha Malhotra
4392,Amit Bansal
114,Amit Gupta
5087,Vikas Das
4260,Rahul Reddy
5442,Nikhil Reddy
3196,Ritu Mehta
2457,Rohan Singh
2949,Arjun Joshi
1840,Karan Mehta
1963,Swati Joshi
1893,Deepak Singh
1826,Swati Saxena
4340,Swati Sharma
4447,Neha Iyer
3459,Deepak Chopra
3536,Nikhil Joshi
253,Anjali Saxena
351,Kavita Joshi
2759,Meena Bansal
4553,Neha Jain
458,Amit Jain
5845,Rohan Singh
480,Ritu Das
1115,Asha Saxena
799,Nikhil Nair
4222,Asha Patel
2674,Meena Yadav
3096,Rahul Mehta
27,Arjun Yadav
3076,Priya Ghosh
2751,Deepak Reddy
3271,Rahul Chopra
1748,Pooja Ghosh
1288,Meena Ghosh
1282,Rahul Jain
4935,Amit Patel
2620,Asha Kulkarni
2064,Neha Patel
2192,Deepak Yadav
4650,Pooja Saxena
5155,Ritu Verma
4718,Karan Singh
1952,Amit Saxena
4579,Amit Saxena
2918,Vikas Verma
4936,Priya Malhotra
608,Kavita Malhotra
4094,Pooja Saxena
4804,Manish Iyer
3405,Nikhil Gupta
5857,Arjun Chopra
3942,Asha Yadav
4853,Sanjay Chopra
5894,Sanjay Yadav
4507,Nikhil Gupta
204,Swati Saxena
340,Rahul Patel
838,Nikhil Singh
4360,Manish Sharma
388,Ritu Yadav
4153,Anjali Singh
4823,Manish Saxena
2577,Meena Singh
3784,Arjun Gupta
3024,Asha Jain
3427,Vikas Mehta
3384,Manish Chopra
4666,Rahul Kulkarni
2234,Priya Kulkarni
1651,Ritu Iyer
3248,Neha Nair
4907,Amit Jain
678,Meena Chopra
3862,Manish Das
1540,Swati Sharma
1917,Neha Jain
62,Ritu Saxena
3660,Rahul Patel
4138,Priya Verma
4358,Swati Bansal
1481,Meena Saxena
791,Deepak Bansal
1671,Deepak Gupta
3209,Nikhil Gupta
5435,Pooja Ghosh
3117,Anjali Gupta
4948,Sneha Jain
4236,Rahul Iyer
5342,Nikhil Reddy
3750,Sanjay Chopra
4400,Nikhil Chopra
2597,Sneha Mehta
4005,Ritu Saxena
2094,Deepak Saxena
734,Vikas Malhotra
3691,Nikhil Kumar
4550,Sanjay Ghosh
3957,Arjun Malhotra
5090,Priya Yadav
1841,Pooja Nair
2852,Rohan Saxena
528,Meena Mehta
3304,Rahul Sharma
5660,Meena Reddy
2510,Karan Yadav
2229,Amit Reddy
2095,Rohan Singh
4336,Neha Yadav
804,Priya Das
858,Kavita Nair
3471,Sneha Bansal
2419,Nikhil Saxena
2755,Asha Mehta
4680,Amit Verma
1644,Sanjay Mehta
220,Rahul Kumar
5175,Nikhil Bansal
1289,Priya Das
1116,Manish Jain
583,Swati Verma
3162,Vikas Joshi
44,Sanjay Joshi
5772,Sneha Sharma
2452,Amit Yadav
5950,Swati Iyer
1521,Manish Ghosh
3129,Arjun Jain
2132,Rohan Saxena
1745,Sneha Iyer
5790,Meena Singh
1225,Karan Joshi
2800,Sneha Saxena
1072,Manish Verma
719,Kavita Kumar
4357,Vikas Sharma
1962,Swati Gupta
671,Deepak Kumar
3894,Sanjay Sharma
3103,Ritu Das
2046,Priya Kumar
4798,Arjun Kumar
5954,Rahul Reddy
898,Arjun Gupta
1259,Karan Chopra
2856,Swati Kumar
96,Rahul Jain
3022,Rohan Jain
3277,Asha Saxena
843,Asha Saxena
4035,Neha Saxena
2706,Asha Mehta
4976,Rahul Singh
2619,Manish Ghosh
3419,Manish Saxena
4632,Anjali Chopra
5152,Kavita Joshi
323,Nikhil Yadav
4356,Sanjay Kulkarni
2133,Arjun Patel
3728,Manish Das
335,Meena Das
2645,Rahul Sharma
333,Anjali Joshi
834,Nikhil Iyer
2535,Ritu Sharma
2168,Pooja Reddy
2252,Nikhil Verma
1887,Meena Nair
2167,Vikas Mehta
732,Sneha Jain
1696,Sanjay Patel
292,Ritu Ghosh
185,Manish Jain
4727,Sanjay Jain
4764,Asha Ghosh
3212,Pooja Das
534,Swati Ghosh
2836,Sneha Ghosh
2716,Meena Joshi
3899,Rahul Saxena
3169,Manish Reddy
658,Sanjay Yadav
1256,Neha Jain
2723,Deepak Kulkarni
2733,Arjun Singh
2482,Meena Reddy
5088,Kavita Verma
899,Vikas Reddy
429,Neha Singh
5449,Asha Patel
1993,Priya Joshi
2005,Swati Sharma
1437,Anjali Saxena
5430,Priya Reddy
1223,Vikas Saxena
2888,Arjun Kumar
2338,Rahul Kulkarni
3516,Arjun Malhotra
4520,Rahul Gupta
5911,Karan Nair
4714,Asha Kulkarni
2848,Anjali Patel
4337,Meena Chopra
3387,Karan Kumar
1722,Anjali Kulkarni
2405,Priya Ghosh
1819,Rohan Das
5419,Swati Sharma
2677,Deepak Nair
4956,Rahul Patel
3613,Nikhil Chopra
3729,Deepak Sharma
2906,Manish Yadav
1411,Vikas Malhotra
4343,Manish Malhotra
4003,Amit Das
5714,Nikhil Kulkarni
2165,Pooja Verma
1832,Manish Kumar
1127,Manish Jain
4372,Manish Ghosh
5638,Asha Gupta
5923,Deepak Kumar
3781,Vikas Iyer
305,Anjali Bansal
1898,Swati Singh
1293,Meena Singh
71,Vikas Das
4145,Asha Ghosh
1306,Anjali Malhotra
2781,Ritu Singh
5252,Amit Sharma
4225,Anjali Verma
1666,Nikhil Jain
1341,Deepak Sharma
832,Arjun Yadav
2572,Priya Verma
1457,Neha Nair
3208,Meena Gupta
3247,Kavita Verma
239,Manish Malhotra
93,Manish Yadav
5710,Anjali Malhotra
2945,Asha Ghosh
2520,Deepak Singh
2772,Rahul Nair
2604,Deepak Iyer
5307,Arjun Ghosh
3440,Swati Gupta
1002,Sneha Gupta
2043,Swati Sharma
5179,Asha Bansal
3429,Priya Das
2616,Kavita Sharma
1505,Swati Saxena
958,Swati Ghosh
3802,Sneha Singh
5313,Rohan Malhotra
4762,Sneha Reddy
1533,Ritu Singh
2303,Arjun Yadav
412,Swati Reddy
1406,Rahul Singh
3348,Priya Iyer
5759,Neha Sharma
1789,Vikas Verma
2882,Karan Ghosh
3051,Kavita Saxena
2088,Rahul Patel
1035,Deepak Patel
5264,Karan Iyer
5886,Vikas Sharma
5221,Asha Das
932,Rohan Jain
5472,Deepak Gupta
3329,Swati Das
634,Nikhil Malhotra
1742,Kavita Bansal
499,Vikas Patel
938,Sneha Kulkarni
416,Ritu Das
2329,Anjali Chopra
3280,Rahul Ghosh
3587,Arjun Ghosh
4368,Rohan Jain
4913,Neha Nair
758,Pooja Jain
1617,Asha Nair
1042,Sanjay Ghosh
3632,Kavita Bansal
4654,Anjali Chopra
4465,Rahul Chopra
2463,Asha Kumar
597,Swati Sharma
4044,Neha Singh
2764,Deepak Ghosh
1069,Meena Bansal
2196,Swati Verma
3040,Rahul Yadav
5605,Pooja Iyer
3228,Rahul Sharma
653,Vikas Kulkarni
4625,Sanjay Chopra
5332,Rahul Patel
5168,Anjali Malhotra
2717,Karan Iyer
4854,Rahul Verma
5902,Swati Mehta
2700,Deepak Gupta
4546,Amit Das
76,Manish Ghosh
3667,Ritu Verma
5925,Priya Kulkarni
2930,Pooja Das
5529,Deepak Kumar
5956,Pooja Gupta
3804,Rahul Singh
5026,Amit Ghosh
5283,Neha Nair
2485,Nikhil Kulkarni
4792,Meena Singh
1011,Pooja Sharma
1030,Sneha Joshi
2843,Amit Jain
829,Pooja Sharma
2707,Swati Gupta
1877,Sanjay Verma
97,Neha Malhotra
3379,Sneha Gupta
4598,Amit Iyer
4596,Amit Kumar
4842,Deepak Joshi
1201,Karan Kulkarni
622,Deepak Joshi
5454,Kavita Gupta
1413,Asha Iyer
567,Swati Reddy
544,Pooja Chopra
1335,Sneha Joshi
4300,Ritu Verma
52,Meena Bansal
5047,Meena Bansal
2068,Rohan Reddy
3873,Vikas Reddy
1559,Manish Kumar
746,Rohan Malhotra
4526,Amit Malhotra
4672,Karan Kulkarni
1468,Sanjay Joshi
4463,Vikas Chopra
196,Anjali Yadav
3401,Nikhil Gupta
4268,Kavita Singh
3780,Pooja Iyer
803,Amit Kumar
1619,Neha Bansal
5187,Karan Iyer
4438,Anjali Iyer
621,Sanjay Malhotra
5340,Deepak Patel
4149,Manish Bansal
3627,Rahul Chopra
4113,Vikas Nair
3407,Ritu Kumar
3385,Nikhil Malhotra
645,Asha Bansal
2790,Rohan Patel
5437,Meena Reddy
1790,Priya Yadav
1062,Deepak Joshi
4158,Swati Joshi
4600,Asha Singh
121,Anjali Kulkarni
2917,Priya Chopra
3881,Neha Yadav
4130,Sneha Chopra
4820,Asha Iyer
3195,Swati Patel
1231,Rahul Das
2761,Manish Mehta
5538,Priya Gupta
5575,Kavita Patel
5953,Anjali Patel
3307,Priya Joshi
135,Rohan Singh
3484,Rohan Nair
2580,Swati Reddy
2841,Ritu Kumar
3793,Pooja Malhotra
5717,Deepak Reddy
2219,Manish Reddy
512,Manish Saxena
5985,Pooja Das
63,Nikhil Malhotra
1554,Amit Kumar
3771,Anjali Iyer
5217,Rahul Saxena
5589,Sneha Verma
1719,Meena Kulkarni
2861,Swati Gupta
4371,Vikas Jain
2096,Arjun Joshi
680,Sneha Reddy
3687,Priya Iyer
1212,Ritu Sharma
123,Nikhil Ghosh
2642,Meena Kumar
3086,Sneha Patel
4078,Arjun Chopra
4918,Amit Iyer
3177,Asha Bansal
1211,Nikhil Saxena
568,Anjali Chopra
3430,Sneha Singh
549,Amit Reddy
865,Neha Jain
4540,Kavita Singh
1393,Neha Saxena
5726,Arjun Verma
2403,Neha Sharma
3985,Meena Patel
2058,Priya Yadav
4771,Kavita Malhotra
721,Sneha Ghosh
3838,Neha Nair
2883,Deepak Iyer
691,Arjun Nair
603,Anjali Yadav
2216,Karan Nair
4968,Manish Ghosh
5376,Deepak Kumar
5016,Nikhil Iyer
5578,Meena Sharma
504,Meena Nair
4503,Rohan Mehta
319,Priya Singh
5879,Amit Malhotra
5514,Ritu Gupta
275,Karan Reddy
5156,Amit Ghosh
3621,Nikhil Joshi
1362,Anjali Ghosh
4196,Vikas Reddy
1527,Kavita Chopra
2367,Anjali Ghosh
3376,Deepak Joshi
4161,Meena Reddy
2292,Swati Yadav
3289,Meena Mehta
3876,Meena Ghosh
3559,Nikhil Iyer
5158,Deepak Joshi
946,Kavita Verma
4717,Neha Malhotra
5782,Meena Iyer
296,Amit Patel
3167,Rohan Yadav
2183,Amit Ghosh
299,Deepak Joshi
69,Asha Chopra
4393,Deepak Bansal
737,Anjali Bansal
3476,Sanjay Chopra
4267,Priya Saxena
2989,Manish Kumar
3647,Manish Iyer
1504,Asha Sharma
2073,Arjun Patel
151,Kavita Kumar
757,Rahul Saxena
5899,Neha Yadav
3502,Neha Singh
1704,Amit Kumar
5467,Pooja Sharma
2105,Sneha Verma
170,Rahul Singh
2155,Priya Yadav
377,Rohan Chopra
2026,Pooja Yadav
860,Asha Bansal
2688,Swati Das
5036,Manish Reddy
5349,Nikhil Das
379,Kavita Das
4784,Manish Chopra
5457,Ritu Verma
1295,Arjun Malhotra
4972,Sneha Nair
1433,Pooja Saxena
5326,Priya Joshi
5860,Anjali Gupta
2943,Asha Sharma
1780,Arjun Verma
3389,Sanjay Patel
5163,Karan Das
5136,Nikhil Patel
3544,Arjun Yadav
842,Kavita Reddy
2573,Arjun Mehta
1190,Sanjay Ghosh
176,Arjun Reddy
4776,Rohan Gupta
928,Priya Sharma
3259,Kavita Kulkarni
46,Amit Ghosh
1261,Asha Patel
1097,Meena Verma
1444,Rahul Yadav
2108,Anjali Das
5004,Priya Iyer
1188,Sneha Bansal
5094,Deepak Singh
3788,Rahul Mehta
1031,Amit Reddy
4818,Arjun Das
301,Arjun Chopra
2524,Pooja Bansal
1473,Nikhil Bansal
284,Nikhil Kumar
4383,Rohan Malhotra
2481,Neha Patel
4756,Priya Reddy
3347,Arjun Ghosh
1814,Ritu Saxena
3888,Rahul Iyer
4314,Ritu Yadav
4142,Karan Malhotra
5062,Rahul Iyer
4828,Arjun Singh
2933,Kavita Yadav
2120,Sneha Malhotra
5658,Asha Joshi
4815,Deepak Nair
3808,Rahul Sharma
5706,Kavita Saxena
5775,Anjali Singh
2331,Karan Verma
2030,Asha Sharma
5465,Amit Iyer
258,Amit Das
508,Ritu Reddy
1943,Manish Singh
100,Deepak Ghosh
2956,Swati Saxena
745,Rahul Verma
4571,Pooja Patel
5553,Pooja Saxena
1376,Pooja Jain
3867,Meena Malhotra
3820,Sneha Verma
3683,Amit Singh
1955,Rohan Gupta
4747,Deepak Sharma
1158,Asha Saxena
4369,Neha Reddy
3366,Nikhil Iyer
4906,Deepak Gupta
1438,Swati Gupta
367,Vikas Mehta
4814,Sneha Patel
2942,Anjali Ghosh
403,Amit Das
4645,Sneha Chopra
5655,Nikhil Singh
950,Swati Iyer
2782,Vikas Das
20,Priya Patel
230,Kavita Jain
4188,Amit Kulkarni
669,Sanjay Saxena
219,Sanjay Jain
5008,Amit Joshi
4025,Karan Malhotra
3572,Asha Singh
2514,Rohan Jain
4391,Sneha Jain
586,Ritu Yadav
1913,Anjali Chopra
5378,Swati Iyer
4432,Ritu Bansal
4348,Priya Patel
3830,Meena Kumar
3480,Manish Saxena
4578,Neha Gupta
778,Kavita Bansal
2315,Kavita Yadav
1019,Priya Malhotra
1607,Meena Nair
2506,Rohan Iyer
2808,Kavita Kulkarni
4589,Sanjay Jain
3214,Swati Kulkarni
1492,Asha Sharma
4985,Karan Reddy
5248,Sneha Gupta
4341,Kavita Chopra
3661,Asha Gupta
4488,Priya Nair
2878,Vikas Reddy
1594,Amit Iyer
518,Rohan Reddy
322,Rohan Das
5265,Asha Ghosh
5636,Kavita Saxena
4100,Kavita Saxena
3690,Deepak Das
218,Manish Das
2656,Asha Saxena
2389,Amit Patel
361,Deepak Bansal
4376,Anjali Malhotra
3337,Sneha Chopra
3011,Amit Mehta
2319,Sneha Yadav
1053,Ritu Saxena
5141,Kavita Mehta
760,Rahul Reddy
4668,Nikhil Jain
5278,Rahul Verma
5996,Swati Yadav
1427,Neha Singh
4408,Amit Yadav
3698,Priya Singh
215,Priya Nair
1615,Meena Jain
4676,Ritu Patel
1718,Priya Bansal
2742,Pooja Sharma
2054,Ritu Malhotra
2999,Neha Ghosh
1984,Amit Malhotra
1703,Anjali Mehta
3102,Meena Chopra
3035,Amit Ghosh
5328,Neha Yadav
197,Rohan Sharma
726,Sneha Verma
3919,Rahul Kumar
1513,Rohan Verma
2624,Nikhil Yadav
4539,Meena Mehta
4696,Rahul Yadav
1057,Meena Kulkarni
4994,Priya Yadav
888,Vikas Bansal
2699,Arjun Mehta
1093,Ritu Joshi
5098,Deepak Bansal
4126,Priya Kumar
569,Sneha Ghosh
517,Sanjay Iyer
3629,Ritu Yadav
4830,Meena Gupta
2150,Karan Reddy
140,Nikhil Chopra
5830,Rahul Chopra
5275,Kavita Patel
2285,Deepak Das
5011,Kavita Mehta
1150,Ritu Gupta
4049,Rohan Mehta
2499,Vikas Reddy
2274,Sanjay Bansal
2527,Pooja Mehta
464,Manish Iyer
3308,Neha Saxena
3133,Deepak Iyer
4986,Sneha Iyer
595,Ritu Ghosh
3081,Manish Patel
1808,Amit Iyer
5137,Manish Yadav
451,Rohan Das
3044,Nikhil Jain
5827,Pooja Chopra
519,Rahul Das
2523,Pooja Patel
313,Priya Kulkarni
5888,Asha Malhotra
4484,Rohan Gupta
2648,Rahul Ghosh
3438,Karan Ghosh
1175,Anjali Jain
3533,Swati Yadav
452,Pooja Joshi
5038,Swati Iyer
3425,Asha Chopra
1113,Swati Yadav
4845,Arjun Iyer
1579,Sneha Gupta
891,Kavita Gupta
1616,Rahul Chopra
4349,Meena Gupta
3980,Karan Singh
5681,Vikas Malhotra
5840,Rohan Joshi
2926,Anjali Das
1264,Rohan Ghosh
5616,Vikas Chopra
1000,Karan Malhotra
3762,Swati Yadav
1360,Arjun Ghosh
5995,Asha Chopra
1477,Rahul Iyer
193,Rohan Patel
4693,Neha Bansal
5399,Swati Kumar
2793,Karan Kumar
5002,Sanjay Kulkarni
2408,Asha Gupta
5058,Vikas Malhotra
1875,Manish Nair
5301,Priya Nair
1339,Manish Chopra
3478,Nikhil Reddy
4843,Rahul Ghosh
3872,Neha Malhotra
2806,Deepak Gupta
5900,Manish Malhotra
1294,Rohan Ghosh
5286,Asha Gupta
4513,Deepak Bansal
5618,Amit Jain
3520,Sanjay Das
2665,Sneha Nair
1908,Arjun Nair
3759,Manish Sharma
4154,Kavita Singh
369,Manish Kulkarni
1938,Rahul Sharma
3574,Priya Verma
1152,Kavita Iyer
4922,Priya Kumar
4013,Anjali Sharma
2352,Priya Das
4052,Vikas Nair
5661,Deepak Chopra
3556,Asha Singh
1873,Pooja Chopra
5903,Neha Kulkarni
192,Anjali Iyer
2441,Nikhil Bansal
109,Meena Chopra
175,Swati Mehta
3170,Anjali Singh
3353,Anjali Kumar
3835,Manish Ghosh
1599,Manish Iyer
1361,Vikas Iyer
2104,Arjun Singh
5220,Arjun Yadav
5841,Rahul Singh
5044,Nikhil Mehta
3581,Anjali Chopra
1165,Deepak Yadav
3679,Sanjay Verma
5285,Rohan Iyer
1662,Sneha Nair
509,Pooja Gupta
167,Rahul Mehta
2788,Pooja Sharma
5522,Swati Sharma
2255,Neha Iyer
3962,Pooja Gupta
104,Rahul Patel
2413,Anjali Iyer
4926,Asha Patel
4882,Neha Kulkarni
1753,Meena Reddy
5355,Ritu Das
5104,Asha Gupta
1659,Deepak Singh
153,Pooja Nair
2587,Nikhil Iyer
1584,Priya Malhotra
2178,Arjun Das
5970,Nikhil Singh
4890,Ritu Kumar
2115,Manish Reddy
2647,Ritu Gupta
1823,Rohan Kulkarni
5070,Sneha Ghosh
3127,Asha Kumar
310,Ritu Joshi
5792,Neha Gupta
2432,Asha Bansal
2571,Ritu Bansal
496,Vikas Yadav
206,Pooja Verma
1435,Rahul Das
1136,Meena Nair
869,Asha Kulkarni
306,Sanjay Gupta
1850,Pooja Nair
2237,Karan Kumar
1989,Rohan Sharma
5968,Rohan Kumar
1535,Deepak Ghosh
844,Kavita Singh
1988,Ritu Kulkarni
5596,Amit Patel
3842,Priya Joshi
2537,Swati Patel
5281,Swati Nair
1539,Karan Gupta
212,Deepak Joshi
1958,Nikhil Mehta
3722,Swati Bansal
4705,Asha Bansal
2708,Pooja Yadav
1350,Sneha Gupta
4309,Nikhil Malhotra
4588,Nikhil Das
681,Swati Yadav
181,Meena Reddy
3758,Rahul Nair
2227,Rohan Iyer
3291,Sanjay Mehta
279,Amit Chopra
290,Amit Iyer
4729,Sanjay Reddy
994,Vikas Kumar
5091,Asha Sharma
5039,Rahul Malhotra
4713,Swati Ghosh
4807,Karan Sharma
271,Nikhil Gupta
2305,Karan Jain
4896,Anjali Jain
5833,Karan Sharma
5806,Kavita Yadav
112,Kavita Joshi
1392,Rohan Ghosh
221,Swati Joshi
5204,Anjali Iyer
84,Amit Nair
3434,Pooja Malhotra
462,Sanjay Iyer
5272,Vikas Gupta
552,Rohan Verma
5041,Karan Bansal
4695,Arjun Malhotra
2766,Arjun Kumar
5166,Rahul Saxena
2953,Arjun Gupta
651,Manish Mehta
709,Neha Mehta
4744,Kavita Joshi
2410,Rahul Mehta
2415,Anjali Reddy
1425,Karan Jain
1217,Nikhil Kulkarni
4577,Anjali Kulkarni
1925,Vikas Gupta
4910,Pooja Ghosh
2684,Anjali Gupta
315,Sneha Malhotra
2729,Rahul Malhotra
1428,Anjali Saxena
5075,Pooja Bansal
4754,Rahul Kulkarni
4120,Arjun Verma
3865,Manish Iyer
3215,Deepak Joshi
4415,Asha Patel
3828,Pooja Kumar
6000,Priya Das
2526,Karan Singh
685,Karan Nair
4395,Kavita Kulkarni
2522,Pooja Verma
2909,Deepak Chopra
2390,Priya Patel
327,Deepak Kumar
5014,Deepak Kulkarni
2593,Swati Jain
5186,Kavita Iyer
2928,Asha Jain
4051,Pooja Kumar
5807,Neha Das
3786,Amit Nair
349,Ritu Patel
1627,Meena Sharma
4411,Rohan Gupta
872,Sneha Ghosh
3359,Rohan Iyer
2340,Amit Nair
4704,Manish Verma
2122,Sanjay Malhotra
3928,Anjali Iyer
86,Priya Kulkarni
2819,Rahul Kumar
1878,Arjun Nair
5690,Meena Kumar
4086,Sanjay Kulkarni
2376,Arjun Das
495,Nikhil Yadav
2967,Neha Reddy
3110,Vikas Joshi
2760,Rohan Joshi
1271,Swati Verma
2655,Deepak Joshi
2634,Priya Verma
4955,Amit Joshi
619,Ritu Verma
5131,Anjali Kumar
2630,Amit Reddy
2827,Neha Bansal
5228,Neha Sharma
2230,Amit Sharma
5033,Arjun Nair
1414,Vikas Reddy
2202,Neha Mehta
4964,Sanjay Joshi
4478,Anjali Jain
870,Asha Kumar
2007,Manish Gupta
4148,Ritu Kumar
357,Ritu Joshi
1163,Arjun Yadav
4555,Vikas Mehta
2407,Deepak Kulkarni
5916,Anjali Sharma
1891,Arjun Bansal
580,Arjun Reddy
2553,Pooja Jain
1692,Sanjay Kumar
863,Swati Kumar
5370,Karan Nair
5811,Nikhil Ghosh
4790,Neha Bansal
4646,Neha Bansal
1117,Anjali Jain
1542,Meena Saxena
3791,Sanjay Nair
4616,Meena Ghosh
5519,Swati Jain
3296,Kavita Saxena
5299,Arjun Singh
5314,Pooja Sharma
5905,Amit Malhotra
3048,Deepak Gupta
5724,Rahul Das
2438,Rohan Yadav
5755,Karan Ghosh
2053,Sneha Chopra
1777,Nikhil Verma
3270,Sneha Malhotra
4303,Anjali Mehta
1593,Arjun Chopra
1724,Neha Saxena
4694,Karan Chopra
4042,Sanjay Iyer
491,Sanjay Das
5078,Amit Joshi
1007,Amit Jain
3149,Kavita Kumar
4249,Arjun Iyer
1418,Priya Yadav
26,Rahul Saxena
1114,Kavita Singh
5586,Rohan Kulkarni
1553,Pooja Reddy
5124,Manish Iyer
4483,Ritu Ghosh
434,Neha Ghosh
2927,Neha Gupta
3858,Swati Reddy
4016,Neha Joshi
2964,Kavita Iyer
3099,Arjun Saxena
5876,Karan Yadav
4457,Deepak Patel
4541,Meena Jain
5769,Meena Mehta
1103,Asha Reddy
5066,Priya Iyer
4518,Manish Kulkarni
4163,Neha Mehta
195,Asha Singh
616,Karan Sharma
644,Anjali Kumar
4310,Anjali Ghosh
3154,Karan Gupta
5071,Swati Nair
331,Swati Ghosh
3826,Deepak Chopra
4516,Manish Gupta
3114,Priya Chopra
5366,Karan Nair
484,Amit Malhotra
5198,Asha Singh
2672,Neha Ghosh
2060,Rahul Malhotra
4679,Deepak Das
33,Asha Saxena
665,Sneha Nair
5160,Deepak Mehta
4183,Swati Sharma
1445,Rahul Reddy
2400,Manish Das
2442,Nikhil Patel
5853,Manish Sharma
1706,Rohan Chopra
5983,Ritu Malhotra
2851,Rohan Joshi
5502,Arjun Saxena
2278,Amit Ghosh
1402,Pooja Reddy
5549,Rohan Jain
171,Arjun Ghosh
541,Deepak Malhotra
5466,Neha Kulkarni
4606,Karan Joshi
2459,Anjali Malhotra
3909,Priya Nair
675,Karan Gupta
2919,Karan Chopra
4077,Anjali Reddy
1816,Asha Ghosh
2555,Pooja Jain
2101,Rohan Saxena
3126,Asha Iyer
5494,Rohan Patel
2102,Arjun Verma
5081,Rahul Singh
2804,Sanjay Patel
1549,Neha Kumar
4751,Kavita Yadav
4851,Ritu Nair
356,Asha Ghosh
2641,Ritu Joshi
4170,Nikhil Malhotra
4677,Neha Chopra
5310,Manish Nair
4274,Manish Iyer
1052,Deepak Das
2322,Amit Nair
4329,Amit Iyer
3920,Ritu Nair
1752,Asha Saxena
2465,Ritu Nair
1773,Vikas Ghosh
1197,Anjali Saxena
1879,Priya Bansal
2017,Manish Singh
2006,Asha Mehta
4076,Rahul Nair
1483,Arjun Malhotra
329,Arjun Das
649,Meena Joshi
2895,Nikhil Gupta
1124,Swati Saxena
2777,Vikas Nair
2961,Manish Patel
3456,Meena Bansal
2844,Vikas Patel
3090,Deepak Chopra
5022,Swati Kumar
1260,Amit Iyer
4315,Arjun Kumar
3412,Sanjay Sharma
4620,Rohan Mehta
1520,Arjun Kumar
1379,Sneha Gupta
4382,Ritu Yadav
1024,Manish Reddy
2877,Asha Chopra
4554,Rohan Kulkarni
4796,Arjun Yadav
913,Kavita Bansal
4039,Neha Bansal
1676,Meena Patel
1747,Deepak Sharma
2971,Priya Yadav
1737,Neha Kumar
1630,Anjali Yadav
4320,Karan Iyer
431,Amit Mehta
1809,Neha Sharma
3528,Meena Jain
2388,Sneha Patel
3403,Kavita Kumar
3481,Rahul Malhotra
5707,Rahul Kumar
2223,Amit Singh
4199,Sneha Patel
4167,Arjun Gupta
5351,Rohan Nair
5882,Manish Malhotra
4587,Kavita Patel
5325,Neha Ghosh
1996,Sanjay Sharma
4991,Rohan Joshi
2225,Karan Patel
1107,Asha Joshi
5746,Amit Singh
819,Sneha Ghosh
4073,Swati Malhotra
4359,Karan Iyer
1698,Anjali Chopra
3222,Priya Jain
137,Rohan Malhotra
4524,Rohan Jain
2922,Rahul Kumar
5317,Sanjay Singh
1181,Rohan Nair
3435,Nikhil Kumar
889,Deepak Saxena
2657,Ritu Chopra
5734,Amit Mehta
2896,Rahul Joshi
818,Deepak Singh
1112,Swati Verma
3413,Amit Singh
2342,Amit Patel
5991,Manish Mehta
3760,Nikhil Nair
1265,Rohan Iyer
991,Arjun Patel
3236,Amit Verma
1740,Meena Singh
2478,Swati Malhotra
354,Asha Verma
5270,Arjun Iyer
2458,Ritu Chopra
4208,Neha Saxena
1490,Neha Kulkarni
3927,Manish Saxena
1229,Deepak Ghosh
5933,Rohan Chopra
2690,Nikhil Gupta
5683,Priya Chopra
53,Priya Das
3124,Arjun Chopra
3949,Sanjay Chopra
3322,Vikas Joshi
3653,Kavita Das
1590,Pooja Gupta
1480,Manish Bansal
1470,Rohan Ghosh
2779,Deepak Malhotra
5988,Deepak Chopra
2079,Swati Kumar
3451,Neha Nair
5912,Manish Reddy
2952,Manish Iyer
437,Priya Chopra
2887,Kavita Joshi
3886,Kavita Yadav
1589,Karan Kulkarni
4418,Karan Reddy
1591,Manish Reddy
3251,Karan Joshi
974,Neha Sharma
1239,Meena Mehta
2343,Sneha Das
2474,Swati Verma
3589,Vikas Singh
5121,Arjun Joshi
2232,Sneha Reddy
2519,Deepak Joshi
1498,Pooja Malhotra
450,Rahul Verma
2370,Anjali Kulkarni
4123,Rahul Iyer
2423,Karan Reddy
5387,Arjun Sharma
5957,Anjali Jain
1552,Neha Gupta
5319,Anjali Mehta
1147,Pooja Kumar
5599,Amit Iyer
2093,Manish Saxena
1314,Anjali Sharma
2016,Ritu Ghosh
4307,Amit Mehta
3709,Rohan Chopra
3009,Kavita Singh
1382,Pooja Chopra
3249,Deepak Das
414,Vikas Reddy
942,Manish Nair
802,Rohan Bansal
4914,Karan Kumar
5484,Asha Iyer
257,Manish Sharma
5887,Vikas Singh
2236,Rohan Sharma
648,Sneha Yadav
1768,Anjali Jain
4106,Asha Chopra
3936,Manish Iyer
5413,Meena Saxena
3950,Sanjay Iyer
25,Anjali Gupta
1089,Priya Jain
5112,Ritu Bansal
4166,Amit Sharma
113,Anjali Malhotra
2312,Sneha Patel
4648,Karan Saxena
57,Vikas Ghosh
1310,Amit Yadav
696,Rahul Chopra
4367,Neha Singh
1228,Sanjay Jain
2000,Amit Joshi
277,Priya Reddy
4061,Nikhil Joshi
3008,Asha Patel
1834,Deepak Malhotra
683,Vikas Mehta
3140,Amit Singh
4335,Amit Kulkarni
1138,Deepak Kumar
3753,Meena Sharma
3783,Rohan Singh
3012,Rahul Saxena
4089,Swati Iyer
4834,Nikhil Verma
1347,Rahul Das
2551,Amit Malhotra
4923,Arjun Verma
2802,Manish Kumar
2385,Asha Gupta
4767,Pooja Nair
4177,Vikas Saxena
3254,Arjun Gupta
2610,Sneha Malhotra
3255,Ritu Kumar
2570,Deepak Mehta
2754,Anjali Ghosh
4989,Vikas Yadav
4927,Priya Kulkarni
82,Meena Das
1973,Priya Verma
1715,Kavita Verma
3143,Sneha Singh
3623,Meena Saxena
1947,Sanjay Ghosh
3318,Meena Nair
4085,Neha Ghosh
4710,Priya Kulkarni
1611,Swati Patel
4641,Swati Bansal
2891,Karan Iyer
3246,Ritu Chopra
5864,Pooja Mehta
4626,Sneha Das
666,Anjali Nair
2195,Pooja Singh
5723,Kavita Mehta
5101,Amit Joshi
1018,Vikas Kulkarni
558,Pooja Saxena
4399,Vikas Patel
5767,Arjun Nair
1208,Deepak Mehta
3803,Sneha Kumar
3025,Asha Bansal
1511,Kavita Sharma
5115,Pooja Jain
5550,Ritu Saxena
4202,Amit Iyer
4568,Arjun Kumar
267,Karan Yadav
2689,Priya Jain
5463,Amit Kumar
2112,Ritu Kulkarni
2944,Ritu Joshi
1910,Sneha Kulkarni
3106,Manish Bansal
3904,Ritu Kumar
3952,Swati Kulkarni
4237,Manish Kumar
3571,Sanjay Iyer
4824,Amit Patel
3218,Vikas Gupta
1785,Anjali Verma
1238,Meena Reddy
4992,Manish Yadav
4701,Kavita Das
4201,Anjali Iyer
4866,Pooja Ghosh
5921,Sanjay Jain
2187,Sneha Bansal
3448,Vikas Kumar
909,Vikas Saxena
4319,Karan Verma
1304,Amit Kumar
5602,Priya Iyer
1628,Karan Saxena
1523,Meena Joshi
836,Rohan Verma
359,Nikhil Yadav
139,Sneha Iyer
300,Asha Gupta
1557,Rahul Nair
1004,Priya Bansal
383,Karan Patel
4195,Ritu Saxena
762,Ritu Kumar
5722,Anjali Malhotra
2955,Sneha Patel
4175,Swati Saxena
4848,Sneha Bansal
4440,Manish Kulkarni
1403,Amit Malhotra
2938,Asha Bansal
5844,Karan Patel
1933,Rahul Patel
3211,Pooja Malhotra
2898,Swati Ghosh
5568,Sneha Singh
5144,Pooja Kumar
2828,Rahul Yadav
3871,Sanjay Sharma
2756,Nikhil Chopra
59,Amit Verma
77,Pooja Jain
797,Arjun Saxena
2417,Sanjay Gupta
2986,Anjali Chopra
4388,Nikhil Sharma
786,Deepak Kumar
5018,Manish Patel
5068,Ritu Ghosh
2218,Pooja Reddy
5322,Neha Das
5029,Asha Chopra
3505,Asha Sharma
3371,Nikhil Singh
3983,Rahul Joshi
4629,Vikas Gupta
911,Nikhil Yadav
2173,Deepak Saxena
3519,Manish Patel
2310,Arjun Mehta
5895,Sanjay Sharma
1258,Amit Jain
2496,Nikhil Gupta
4521,Asha Mehta
4886,Nikhil Joshi
1179,Vikas Iyer
4514,Asha Joshi
4899,Rahul Joshi
443,Ritu Verma
4067,Rahul Reddy
3039,Nikhil Saxena
3297,Ritu Malhotra
5720,Rahul Iyer
1055,Karan Patel
2670,Sneha Reddy
4597,Arjun Yadav
3045,Amit Singh
1416,Sneha Gupta
2373,Kavita Jain
4238,Amit Nair
2973,Sneha Kumar
5429,Priya Patel
3686,Ritu Iyer
5167,Pooja Iyer
1503,Vikas Nair
4703,Neha Joshi
3845,Pooja Das
2012,Meena Verma
5257,Ritu Nair
5256,Meena Bansal
2860,Arjun Ghosh
4837,Sneha Kumar
4532,Swati Joshi
3465,Sanjay Reddy
7,Anjali Reddy
2488,Nikhil Gupta
679,Arjun Malhotra
1944,Karan Ghosh
3717,Sanjay Singh
5521,Manish Ghosh
5644,Neha Chopra
4603,Karan Bansal
2608,Karan Mehta
4661,Deepak Yadav
5517,Asha Bansal
1065,Nikhil Yadav
3733,Amit Gupta
2243,Kavita Singh
1475,Anjali Jain
4450,Asha Kumar
1890,Neha Joshi
3455,Sanjay Kumar
2022,Manish Gupta
5236,Priya Iyer
4271,Amit Kulkarni
2659,Sneha Das
2468,Swati Saxena
2752,Rohan Verma
1131,Rohan Singh
1462,Ritu Singh
4690,Priya Mehta
5431,Sanjay Kulkarni
3309,Karan Verma
3261,Rahul Gupta
223,Karan Jain
5563,Rahul Iyer
49,Meena Kulkarni
574,Rahul Singh
1237,Arjun Yadav
4562,Amit Kumar
5816,Deepak Chopra
5390,Deepak Ghosh
2283,Nikhil Singh
4079,Manish Kumar
268,Arjun Mehta
1105,Amit Mehta
2306,Rohan Bansal
5118,Pooja Kumar
1936,Arjun Joshi
387,Amit Patel
1702,Asha Iyer
1629,Arjun Gupta
3201,Rahul Malhotra
2715,Neha Kumar
2987,Asha Kulkarni
5246,Asha Das
1564,Ritu Chopra
3579,Neha Kumar
210,Kavita Yadav
910,Pooja Verma
1290,Sneha Verma
4529,Anjali Nair
4953,Kavita Joshi
1843,Priya Joshi
2498,Deepak Mehta
4905,Priya Reddy
4324,Amit Iyer
959,Meena Singh
1794,Kavita Kumar
2089,Asha Kulkarni
2703,Deepak Kumar
332,Asha Gupta
3335,Sanjay Singh
3882,Kavita Saxena
2992,Pooja Mehta
